ensgene,external_gene_name,log2FoldChange,lfcSE,pvalue,padj,gene_biotype
ENSG00000004799,PDK4,3.031956974507819,0.5872106477378725,1.0699131218776746e-8,1.635173405876271e-6,protein_coding
ENSG00000006025,OSBPL7,-1.3986743088251394,0.3407499694789093,2.3500403698721777e-6,1.9505335069939074e-4,protein_coding
ENSG00000006062,MAP3K14,1.0097235711050323,0.4037457348352368,7.36978949567387e-4,0.025159589846413623,processed_transcript
ENSG00000006327,TNFRSF12A,3.309368206923399,0.599695123455136,1.5484854625510992e-9,2.8963221046026193e-7,protein_coding
ENSG00000006652,IFRD1,1.9805046433377778,0.37434336503399834,5.883524672663619e-9,9.528439957679616e-7,protein_coding
ENSG00000007908,SELE,8.348635667534204,2.6465203383773015,1.0351490315058131e-9,2.0690474989486546e-7,protein_coding
ENSG00000010282,HHATL,1.5137540259725446,0.30440318346376277,3.7604505187818256e-8,5.201956550981526e-6,protein_coding
ENSG00000011028,MRC2,-1.0380898472516074,0.424140093616468,7.94337551396605e-4,0.02650452935313295,protein_coding
ENSG00000011422,PLAUR,6.793167954112668,1.10840032405904,2.1094493385161874e-12,6.728848352492264e-10,protein_coding
ENSG00000012223,LTF,2.1323753888770445,0.8732267117373906,5.825324253103717e-4,0.02125283134099378,protein_coding
ENSG00000012660,ELOVL5,1.2641843179987642,0.47242671488653565,3.5166662993847355e-4,0.014594165142446653,protein_coding
ENSG00000012779,ALOX5,2.447016393163657,1.403169000417742,0.0016623884914809593,0.0454249365573398,protein_coding
ENSG00000013588,GPRC5A,4.129728278962295,1.7073774268855626,4.0208878590211497e-4,0.016181027505394203,protein_coding
ENSG00000018280,SLC11A1,4.972658968215561,1.767835965387795,1.465654248720648e-4,0.007182246650557271,protein_coding
ENSG00000020577,SAMD4A,0.6114138484312562,0.20976175293848612,5.153886907336886e-4,0.01922573542961625,protein_coding
ENSG00000021355,SERPINB1,2.1970666035029494,0.524699954880971,1.3773130155737715e-6,1.2442664521646044e-4,protein_coding
ENSG00000026508,CD44,1.003213834459458,0.3832999809822213,5.436169019211744e-4,0.02010928261145737,protein_coding
ENSG00000034152,MAP2K3,1.1216335018475176,0.3919876346956083,2.423966768879554e-4,0.01076597949522424,protein_coding
ENSG00000036672,USP2,1.0048892715759277,0.22737784281417725,7.793235730759547e-7,7.78151657928472e-5,protein_coding
ENSG00000041982,TNC,3.5309390187874006,1.2887587631123585,1.5255734482335745e-4,0.007367132870015225,protein_coding
ENSG00000044574,HSPA5,0.5993827734838739,0.22500417472356604,0.0010870764701287723,0.033110953035114896,protein_coding
ENSG00000047365,ARAP2,3.795639121533083,0.8824071687948603,4.621361130247592e-7,4.8707679214038115e-5,protein_coding
ENSG00000047634,SCML1,1.3390874231380765,0.30649282120004673,8.378103514291965e-7,8.303075721626664e-5,protein_coding
ENSG00000048028,USP28,0.9081802894001318,0.1954958698429409,3.07451008947186e-7,3.4024578323488584e-5,protein_coding
ENSG00000049246,PER3,-0.861173838042641,0.37087589394400494,0.001378630555675873,0.04003177694362608,protein_coding
ENSG00000050820,BCAR1,1.2554772959303713,0.5159063423404706,6.344667326287597e-4,0.022589056861420723,protein_coding
ENSG00000052749,RRP12,1.2120846501702933,0.4658263320025089,4.642106712881106e-4,0.01792069103112241,protein_coding
ENSG00000052795,FNIP2,3.1567918370153225,0.36969249300283485,5.066991186636758e-19,9.62328093399413e-16,protein_coding
ENSG00000055044,NOP58,1.4666284621555195,0.25247867732680457,3.5893228716748603e-10,7.814132415711827e-8,protein_coding
ENSG00000055483,USP36,1.01019175833231,0.31867073202857515,1.127351776347801e-4,0.00573610405743249,protein_coding
ENSG00000058262,SEC61A1,0.8472411019351549,0.3627403332516083,0.0013585095570067273,0.03965056465285569,protein_coding
ENSG00000059728,MXD1,2.2885568151690356,0.5600859717379225,2.0771084037641784e-6,1.7682051026915568e-4,protein_coding
ENSG00000059804,SLC2A3,4.0098803127299,0.5430165515478177,7.384596703331364e-15,4.903372211012026e-12,protein_coding
ENSG00000062716,VMP1,1.2557319327968521,0.4219760860954872,1.6101069517770523e-4,0.007691446158129229,protein_coding
ENSG00000064666,CNN2,4.166644200030696,0.8842172230167368,1.3362713059736374e-7,1.6431187910490654e-5,protein_coding
ENSG00000064932,SBNO2,2.6516723798856496,0.6510719013798039,1.5608413847811972e-6,1.3727134827744568e-4,protein_coding
ENSG00000067064,IDI1,1.0515120083243754,0.3272246087387079,8.712187793189524e-5,0.004684123639415258,protein_coding
ENSG00000067082,KLF6,2.4813086827011483,0.3463443671408462,4.1196234177322123e-14,2.1041768841339914e-11,protein_coding
ENSG00000067182,TNFRSF1A,0.7967158320325679,0.26440312980790925,2.401616504410441e-4,0.010738541137565876,protein_coding
ENSG00000069020,MAST4,2.54115286532979,0.3312346198761967,8.017635413344642e-16,8.190322945324373e-13,protein_coding
ENSG00000069399,BCL3,4.742708372433291,0.6315116667597684,1.2764497668666718e-15,1.130083526932627e-12,protein_coding
ENSG00000069869,NEDD4,0.6214714034519913,0.19414948956174374,1.9980316258685497e-4,0.009181266433056865,protein_coding
ENSG00000070444,MNT,1.8481753246990613,0.6251323889740475,1.323059877764022e-4,0.006655392112388717,protein_coding
ENSG00000071282,LMCD1,1.8756884875752007,0.2750775339447777,5.443435208738688e-13,2.065394844915708e-10,protein_coding
ENSG00000072201,LNX1,-1.4283332726024254,0.7210518028274879,0.0016953419266074298,0.04604118770009543,protein_coding
ENSG00000072364,AFF4,0.7296735808734455,0.21242949282728898,6.643442593441679e-5,0.0037383439678349783,protein_coding
ENSG00000073008,PVR,1.2173488772275904,0.5786838440655114,0.0015120324051392864,0.04254192868696975,protein_coding
ENSG00000075426,FOSL2,2.543182922223818,0.3710272280266824,3.6904073982053993e-13,1.4851094014596275e-10,protein_coding
ENSG00000075568,TMEM131,-0.6378846925590276,0.22839694963677554,6.730270844537899e-4,0.023770743833899814,protein_coding
ENSG00000075975,MKRN2,1.0120362018766507,0.3837360271881585,5.100563273056828e-4,0.01909273791969796,protein_coding
ENSG00000077044,DGKD,1.9045484767259002,0.2930613883372151,4.341881728145268e-12,1.2813375411059813e-9,protein_coding
ENSG00000077238,IL4R,1.965624019465753,0.8230548624056717,5.474517625357046e-4,0.020194887240205992,protein_coding
ENSG00000078269,SYNJ2,1.5441002153102499,0.6885305766066898,8.689821214290946e-4,0.028564560823213802,protein_coding
ENSG00000079337,RAPGEF3,-1.7149072979945819,0.7229497431959689,6.025303259861582e-4,0.021743485676891796,protein_coding
ENSG00000079385,CEACAM1,1.353875734234985,0.6084111644966107,0.001032293412682959,0.0318810616754179,protein_coding
ENSG00000080345,RIF1,0.6074855494692577,0.18701666773951026,1.795707179814756e-4,0.00842649870951942,protein_coding
ENSG00000081041,CXCL2,4.754588525406661,0.6455639217751445,1.2175564832822715e-14,7.69959528475646e-12,protein_coding
ENSG00000081237,PTPRC,1.5778222520057832,0.76799358144888,0.0012730305732689337,0.037568546695580976,protein_coding
ENSG00000082153,BZW1,1.1164861287926149,0.3383119875377627,6.161048632329316e-5,0.003526669217126436,protein_coding
ENSG00000083097,DOPEY1,-0.9403458231045517,0.30774507865190304,1.7442397315360216e-4,0.008272679869570846,protein_coding
ENSG00000083454,P2RX5,1.98319235662804,0.6096005081195464,4.8753979362501936e-5,0.0028775682041512255,protein_coding
ENSG00000083799,CYLD,0.758792417863743,0.3190009749159765,0.0015246211158664014,0.042625196670959604,protein_coding
ENSG00000084652,TXLNA,1.4176424034848167,0.4431795708205847,6.865818030358243e-5,0.0038310110690402297,protein_coding
ENSG00000085415,SEH1L,1.2554840158911171,0.4055972074013866,1.0214690644940213e-4,0.00530956422073863,protein_coding
ENSG00000086015,MAST2,0.5833298228799061,0.22538757213950936,0.0014306438013832587,0.04109736969612312,protein_coding
ENSG00000086061,DNAJA1,0.7973544156256095,0.31892709952425613,0.0010190210499253591,0.03154452107927452,protein_coding
ENSG00000089159,PXN,0.711183512399347,0.17486048752697503,5.838472390295784e-6,4.355894008040899e-4,protein_coding
ENSG00000090339,ICAM1,4.062622069236131,0.5837947155256276,9.632011007281471e-14,4.4107967647137217e-11,protein_coding
ENSG00000090905,TNRC6A,-0.770416112218931,0.19559648488965584,8.967704873425172e-6,6.437357876707368e-4,protein_coding
ENSG00000091039,OSBPL8,1.2785410833479378,0.4259556076590393,1.4602916356040642e-4,0.007182246650557271,protein_coding
ENSG00000091656,ZFHX4,-0.8111030832095139,0.2405168897745188,7.217570862352328e-5,0.0039444173272444,protein_coding
ENSG00000096717,SIRT1,1.2852388447154333,0.49901721212549255,4.796807780246997e-4,0.018357811908265166,protein_coding
ENSG00000099860,GADD45B,6.196162047156357,0.9527862657252494,2.9717740537521655e-12,8.969354416779263e-10,protein_coding
ENSG00000100221,JOSD1,1.569515493409854,0.7143714219222678,9.82475781199785e-4,0.03089068593946316,protein_coding
ENSG00000100324,TAB1,-1.2092470387786458,0.4322985017611859,2.8174378338157986e-4,0.01222731190623327,protein_coding
ENSG00000100345,MYH9,0.997223665451655,0.27098951061623766,1.780233988170022e-5,0.0011820753681448949,protein_coding
ENSG00000100644,HIF1A,1.1761047290158968,0.4729717182287922,6.226417226244136e-4,0.022287552766717556,protein_coding
ENSG00000100647,KIAA0247,2.0149161078585935,0.465217901775183,6.72699946552533e-7,6.925159139703595e-5,protein_coding
ENSG00000101187,SLCO4A1,2.6671952352962816,1.2272624028837609,9.41304372721476e-4,0.03012173992708723,protein_coding
ENSG00000102265,TIMP1,1.594074802058766,0.6617757337101973,5.964454580480662e-4,0.02158254954462757,protein_coding
ENSG00000102313,ITIH6,-3.17410117777267,0.5145801777290279,3.8294446170901265e-11,1.0171004902991377e-8,protein_coding
ENSG00000102554,KLF5,1.6688663016903311,0.7647483628327373,9.883106585036395e-4,0.030954635719170596,protein_coding
ENSG00000102606,ARHGEF7,-0.6983906293675567,0.27916330053853394,0.0012711590686765046,0.037568546695580976,protein_coding
ENSG00000103184,SEC14L5,-1.5228298017368087,0.6695405796164537,8.811730322574453e-4,0.028751788374395265,protein_coding
ENSG00000103196,CRISPLD2,1.4386565735609518,0.39025052523741577,1.1882447753612765e-5,8.393558838722209e-4,protein_coding
ENSG00000103257,SLC7A5,2.396935343842237,0.6520520984113887,7.53359463450843e-6,5.467002007993003e-4,protein_coding
ENSG00000103569,AQP9,7.681327020847206,2.6536425249077995,2.092150902896401e-7,2.480693213434304e-5,protein_coding
ENSG00000104635,SLC39A14,2.800270795504076,0.8126523906346446,1.8304754532862924e-5,0.0012093887571961175,protein_coding
ENSG00000104885,DOT1L,2.0197523896353764,0.45737477691480305,5.001397946249789e-7,5.188950369234156e-5,protein_coding
ENSG00000105835,NAMPT,1.2713857206775436,0.30824858960687673,2.3066258852728325e-6,1.926540362039196e-4,protein_coding
ENSG00000105976,MET,1.0054753962620404,0.2938728909447247,4.637581225980028e-5,0.002768749606351194,protein_coding
ENSG00000106333,PCOLCE,-2.40193890395831,1.1026615277481941,0.0011317447853328641,0.034314088468539804,protein_coding
ENSG00000106617,PRKAG2,4.151677078035096,0.7303912865700423,3.5093151921277283e-10,7.767284291909373e-8,protein_coding
ENSG00000106993,CDC37L1,0.7483450167658574,0.2664375906417676,4.970916847845132e-4,0.018861078782680958,protein_coding
ENSG00000107372,ZFAND5,0.807678475978666,0.28934790729248905,4.2873518809801863e-4,0.016881235057768933,protein_coding
ENSG00000108256,NUFIP2,0.9193426886355638,0.18998537423437778,1.1662773390735808e-7,1.447491875037117e-5,protein_coding
ENSG00000108654,DDX5,0.9492842318349098,0.17918440685735423,1.071235589693039e-8,1.635173405876271e-6,protein_coding
ENSG00000108691,CCL2,6.10213966027839,0.764768708288934,8.171760762334113e-17,9.865543902163365e-14,protein_coding
ENSG00000108700,CCL8,3.6010286067448183,1.1628193156103606,3.8358228249365746e-5,0.002336684730053106,protein_coding
ENSG00000109332,UBE2D3,0.6754440437450245,0.16208116282576873,4.283103433449255e-6,3.287838936196885e-4,protein_coding
ENSG00000109819,PPARGC1A,2.0629518195567997,0.37148636987580597,1.4401043841290663e-9,2.7716791624976815e-7,protein_coding
ENSG00000110172,CHORDC1,0.9912224884612273,0.3026071498488574,7.023048085422285e-5,0.003869961766572944,protein_coding
ENSG00000110218,PANX1,1.858989554603198,0.43589354366045613,9.5197071990636e-7,9.160993594461204e-5,protein_coding
ENSG00000110880,CORO1C,0.8177450314450723,0.31304160558134947,7.251497616734275e-4,0.024948157603686832,protein_coding
ENSG00000112033,PPARD,1.6443654944499,0.2812446079041927,2.6377003690770396e-10,6.25511801809698e-8,protein_coding
ENSG00000112541,PDE10A,3.0242027149652033,1.0276566727506125,1.5216920296939857e-4,0.007367132870015225,protein_coding
ENSG00000112715,VEGFA,1.5322541101696652,0.27667718612664,1.7043090595322987e-9,3.1435033764706844e-7,protein_coding
ENSG00000113070,HBEGF,2.956524728415979,0.7069889928140156,1.0692161663695673e-6,9.999430062949193e-5,protein_coding
ENSG00000113108,APBB3,1.5245948888538285,0.5887341846235153,3.7642354565643017e-4,0.015298950007243364,protein_coding
ENSG00000113448,PDE4D,0.8390394744762507,0.2287115374342687,2.323998114953289e-5,0.0014837834118547923,protein_coding
ENSG00000113575,PPP2CA,0.8135198546335907,0.3111252454984098,7.204530641285841e-4,0.024915668467780202,protein_coding
ENSG00000113712,CSNK1A1,0.6940973133370141,0.2685371809374919,0.001042284314672243,0.03201000535453164,protein_coding
ENSG00000113742,CPEB4,1.561242054719439,0.1990821204215329,2.4623949167219247e-16,2.725050374505597e-13,protein_coding
ENSG00000114166,KAT2B,-0.8747703605791178,0.3974416159176886,0.0018174207096954063,0.04856206644819919,protein_coding
ENSG00000114315,HES1,2.3558985938201866,0.4315879304592158,2.4744029713951516e-9,4.440550197314542e-7,protein_coding
ENSG00000114737,CISH,2.7438077667453906,0.9433477081511674,1.0206254915954272e-4,0.00530956422073863,protein_coding
ENSG00000115525,ST3GAL5,2.395157304552087,0.5814498801131323,1.397300750445797e-6,1.253794186886499e-4,protein_coding
ENSG00000115594,IL1R1,2.6282148201821003,0.4758191433676072,1.4761669473492823e-9,2.800499580114067e-7,protein_coding
ENSG00000115963,RND3,2.5806414627758625,0.6202597848150855,1.2879215235334101e-6,1.1795584712085302e-4,protein_coding
ENSG00000116285,ERRFI1,2.4093120801040024,0.8219877208447393,1.0691115693372476e-4,0.0055030238917824215,protein_coding
ENSG00000116717,GADD45A,3.038725896500082,0.7783052192550417,3.7749396270929232e-6,2.9663430915854446e-4,protein_coding
ENSG00000116741,RGS2,3.2891275857103484,1.3884750607343581,4.2508558566817375e-4,0.01685115396320402,protein_coding
ENSG00000117013,KCNQ4,1.900970727827955,0.7343281244852599,3.0344326838797474e-4,0.012999118078039692,protein_coding
ENSG00000117036,ETV3,0.8582318104009082,0.38186089902008763,0.0016476552646207505,0.04519535440124037,protein_coding
ENSG00000117090,SLAMF1,3.8958053821399545,1.7669340328453997,7.130227888608829e-4,0.02483886558716097,protein_coding
ENSG00000117143,UAP1,1.3681824255342385,0.4987168170819744,2.913062053313561e-4,0.012519567659548248,protein_coding
ENSG00000117228,GBP1,1.6821484493283314,0.6316309538250354,3.117807882930105e-4,0.013144282122321205,protein_coding
ENSG00000117479,SLC19A2,1.6110171560131301,0.40647422187492305,3.5152672072907625e-6,2.778735030525079e-4,protein_coding
ENSG00000118217,ATF6,0.7735859898510605,0.29240216189836304,7.301144833326362e-4,0.024989485408910845,protein_coding
ENSG00000118515,SGK1,1.503813519413006,0.4583040044131481,4.9425252738047743e-5,0.002904280337881744,protein_coding
ENSG00000118523,CTGF,1.3308142585222407,0.648067878228006,0.0014390268756549135,0.04109736969612312,protein_coding
ENSG00000119139,TJP2,2.8000863891833117,0.5280230127636402,4.993461209575638e-9,8.501687802969804e-7,protein_coding
ENSG00000119508,NR4A3,4.182642286356782,0.800201387947977,5.193115835820596e-9,8.729693455657912e-7,protein_coding
ENSG00000119535,CSF3R,3.9303753221080746,0.749544612948284,7.230507094902016e-9,1.1431087407178425e-6,protein_coding
ENSG00000120129,DUSP1,1.8491469817738888,0.8248020819418208,7.50631323732579e-4,0.025469080656812908,protein_coding
ENSG00000120278,PLEKHG1,2.1595707250078475,0.5475442340813332,3.1061539213635246e-6,2.4849231370908194e-4,protein_coding
ENSG00000120705,ETF1,0.8603600466399103,0.21023821331870718,4.016367008712991e-6,3.1374914044534426e-4,protein_coding
ENSG00000120738,EGR1,6.987938077255173,0.7634782353189047,1.8650014023791376e-21,6.191804655898737e-18,protein_coding
ENSG00000120889,TNFRSF10B,1.6424471443782598,0.7036765822278485,7.270867754670031e-4,0.02495016118398398,protein_coding
ENSG00000121749,TBC1D15,0.8053466770917246,0.3011392368295366,6.420754276892e-4,0.022798828020621862,protein_coding
ENSG00000122359,ANXA11,1.2324199287578839,0.2563395665178714,1.0170087995568615e-7,1.2862739864871544e-5,protein_coding
ENSG00000122574,WIPF3,1.054686529075475,0.44957089673699946,9.90883515844661e-4,0.030962195506863757,protein_coding
ENSG00000122861,PLAU,3.9711789139078,0.6531878331051363,5.0905141190596645e-11,1.3255299510022027e-8,protein_coding
ENSG00000122863,CHST3,2.1583404866249305,0.5992189995323953,1.2732545156266315e-5,8.852785323309772e-4,protein_coding
ENSG00000122877,EGR2,4.721249545845632,1.1370490458049296,1.119345293065979e-6,1.0395038805535806e-4,protein_coding
ENSG00000123094,RASSF8,0.9106679449972009,0.3978650480910881,0.0014343648058274935,0.04109736969612312,protein_coding
ENSG00000123146,CD97,1.1731195402280077,0.41502397459095086,2.5934776627535106e-4,0.011442320053610172,protein_coding
ENSG00000123358,NR4A1,3.463693617763289,0.4878888559511726,5.420920550742221e-14,2.571065175494882e-11,protein_coding
ENSG00000123505,AMD1,1.2833152377413624,0.30741690684893386,1.904406305814481e-6,1.6529748850468176e-4,protein_coding
ENSG00000123610,TNFAIP6,6.061950291375163,1.551923430306619,1.1455263169837515e-7,1.4351499518437942e-5,protein_coding
ENSG00000124145,SDC4,2.938692335162203,0.3092349057143151,8.086654766991406e-23,5.369538765282294e-19,protein_coding
ENSG00000124440,HIF3A,-2.0929151932958825,0.7535853682982927,1.9552593328050797e-4,0.00904733238315382,protein_coding
ENSG00000124731,TREM1,4.186069440888189,1.3069151810441662,6.588685809552492e-5,0.003723308406419451,protein_coding
ENSG00000124762,CDKN1A,4.185443479500151,0.8242022681622853,1.6081034359563535e-8,2.3467707285165248e-6,protein_coding
ENSG00000125148,MT2A,2.357063250052172,0.42304148754737414,1.2517891844711e-9,2.444670642614148e-7,protein_coding
ENSG00000125257,ABCC4,1.1154567863123195,0.5089067229550857,0.001380613993989514,0.04003177694362608,protein_coding
ENSG00000125347,IRF1,2.079094846498395,0.4411080161299843,9.901922124265283e-8,1.2703263935614047e-5,protein_coding
ENSG00000125538,IL1B,7.850480993495963,2.869294494695881,1.4420454745869887e-6,1.2852593223164569e-4,protein_coding
ENSG00000125740,FOSB,7.598205698372822,1.3526524043434363,6.259415144882454e-10,1.319444970222841e-7,protein_coding
ENSG00000125753,VASP,2.5652950912843018,0.8739604123759673,1.318889042333702e-4,0.006655392112388717,protein_coding
ENSG00000126368,NR1D1,-1.5019005288549037,0.3802969596051863,4.047279618327541e-6,3.1431504872157746e-4,protein_coding
ENSG00000127954,STEAP4,0.8830778753689482,0.3914030033220814,0.0015882775820565563,0.044034084112131666,protein_coding
ENSG00000128016,ZFP36,4.889914957482118,0.5881309065660345,3.582212883312116e-18,5.946473386298113e-15,protein_coding
ENSG00000128383,APOBEC3A,4.749990545634344,2.225264640273664,7.645892121271991e-4,0.02570568287860558,protein_coding
ENSG00000128524,ATP6V1F,1.1758348974418293,0.4435855703854396,4.283162447170277e-4,0.016881235057768933,protein_coding
ENSG00000128578,STRIP2,1.232897041125838,0.309032674214019,4.131340739717027e-6,3.18977936182803e-4,protein_coding
ENSG00000128591,FLNC,1.4444052308225384,0.22762036098491395,1.0115769035592556e-11,2.798696099847274e-9,protein_coding
ENSG00000130023,ERMARD,-1.191548194962829,0.4695332122344185,5.625172814472167e-4,0.020635993087345407,protein_coding
ENSG00000130066,SAT1,2.4181870557255998,0.3256963368826004,5.78739300191522e-15,4.045083108707059e-12,protein_coding
ENSG00000130164,LDLR,2.433452313638448,0.5357895529226017,2.2949822955399848e-7,2.6368929097741595e-5,protein_coding
ENSG00000130695,CEP85,-0.7158964961194203,0.29030819769126626,0.0013294040856347614,0.03888653360623267,protein_coding
ENSG00000131016,AKAP12,1.2241171360601941,0.4809946730030079,5.30350184135528e-4,0.01972843261994345,protein_coding
ENSG00000131459,GFPT2,2.0359744176137284,0.7272134783533107,1.810463502732352e-4,0.008465829336720293,protein_coding
ENSG00000131504,DIAPH1,1.3863718534568208,0.24432914974408584,8.255126071003481e-10,1.6865857572757882e-7,protein_coding
ENSG00000131759,RARA,1.7049226313429022,0.4515407390545695,7.4619425422562826e-6,5.4447580747892e-4,protein_coding
ENSG00000132326,PER2,0.8546051709610827,0.35668222578436165,0.0012056653600080645,0.036061342299340306,protein_coding
ENSG00000132475,H3F3B,0.8703015152651853,0.2159976565635184,5.192225309369559e-6,3.917770006160667e-4,protein_coding
ENSG00000132510,KDM6B,2.784623534938588,0.4027964326217699,2.3113050233717396e-13,9.90133248721829e-11,protein_coding
ENSG00000133454,MYO18B,0.8628783039663835,0.11374481382268165,3.4956136028650278e-15,2.5789860358915318e-12,protein_coding
ENSG00000133657,ATP13A3,1.788725277992643,0.44597123045430814,2.898937481856174e-6,2.3478185458125574e-4,protein_coding
ENSG00000133805,AMPD3,2.2457553405719564,0.565383533036318,2.986891416271305e-6,2.403995030792905e-4,protein_coding
ENSG00000134107,BHLHE40,2.343735930211241,0.3621364391063201,4.979325525498946e-12,1.4069243186941704e-9,protein_coding
ENSG00000134146,DPH6,-0.8237795672525416,0.3093458857162759,6.317635565461748e-4,0.02255327965304624,protein_coding
ENSG00000134480,CCNH,0.7375976539680918,0.23730962412850307,1.9907034018981282e-4,0.009179354575419147,protein_coding
ENSG00000134531,EMP1,1.3692061442442367,0.6021342521384307,8.745987021252919e-4,0.0286075634586795,protein_coding
ENSG00000135047,CTSL,1.5893001144388126,0.3917320392079643,2.7305721825287843e-6,2.2383949743198922e-4,protein_coding
ENSG00000135048,TMEM2,2.578001156168665,0.4866542950933674,5.388294417219524e-9,8.94456873258441e-7,protein_coding
ENSG00000135063,FAM189A2,1.1921732482658636,0.4498583874692929,4.1979694662684706e-4,0.016691327698217153,protein_coding
ENSG00000135250,SRPK2,1.3018367279907412,0.3282301363721543,4.514966564157445e-6,3.4262146269720497e-4,protein_coding
ENSG00000135821,GLUL,0.6978411434961707,0.27894311503169583,0.0011569171541354812,0.034917863197543614,protein_coding
ENSG00000136167,LCP1,2.2286721262642892,0.5335289853203891,1.1767851305465933e-6,1.0852573981707472e-4,protein_coding
ENSG00000136244,IL6,4.034909550473812,1.249351536140961,5.430524456959719e-5,0.003163042315281801,protein_coding
ENSG00000136383,ALPK3,0.9301224592430092,0.2093490127464968,7.792193034168152e-7,7.78151657928472e-5,protein_coding
ENSG00000136527,TRA2B,0.6704515494162835,0.2488956018366321,8.063637194359802e-4,0.026771275485274547,protein_coding
ENSG00000136546,SCN7A,-0.8721608747224917,0.3837027859435727,0.001561693008455157,0.04338762165749892,protein_coding
ENSG00000136603,SKIL,0.7905956429776635,0.308204631413626,8.888206874620251e-4,0.02893024198405807,protein_coding
ENSG00000136653,RASSF5,2.832365545094241,0.7182314701094283,3.1708791754349217e-6,2.5215134999865727e-4,protein_coding
ENSG00000136819,C9orf78,-0.886397726765623,0.29381052837128624,2.0394858495163446e-4,0.009339438648819675,protein_coding
ENSG00000136997,MYC,4.680571361802074,0.9958235382256831,7.734882876732476e-8,1.007051417676542e-5,protein_coding
ENSG00000137094,DNAJB5,1.0876690829718354,0.18985398408537923,7.980816067469516e-10,1.6560193339999246e-7,protein_coding
ENSG00000137193,PIM1,4.0066234065970825,0.4753214296441736,5.072512540508954e-19,9.62328093399413e-16,protein_coding
ENSG00000137507,LRRC32,1.3775092996069167,0.46863563422410065,1.4438142282199713e-4,0.007127826375747665,protein_coding
ENSG00000137642,SORL1,1.8755428538640346,0.6685208050557226,1.8540857225295075e-4,0.008639388910593635,protein_coding
ENSG00000137801,THBS1,5.142834049296294,0.7131616310765798,1.683459344762569e-14,9.720147868889964e-12,protein_coding
ENSG00000137942,FNBP1L,0.8391157418121348,0.31423137556171804,5.885929916012627e-4,0.021356598165204285,protein_coding
ENSG00000138002,IFT172,-1.3299809232231574,0.45042813405356363,1.6168458142261453e-4,0.0076959542698649495,protein_coding
ENSG00000138100,TRIM54,0.7987531363469792,0.17753001272990881,7.423835772907715e-7,7.56366371320526e-5,protein_coding
ENSG00000138336,TET1,-1.0159223958137211,0.4458302013845153,0.001262452193847859,0.03742269003191868,protein_coding
ENSG00000138379,MSTN,-1.8050520574487985,0.8315363828248571,9.713857541324531e-4,0.030641336852444124,protein_coding
ENSG00000138386,NAB1,1.5660746763639983,0.6897187986996746,8.734921939745446e-4,0.0286075634586795,protein_coding
ENSG00000138660,AP1AR,1.897262406170841,1.0153323305025435,0.0015003603847480028,0.04230315479714114,protein_coding
ENSG00000138670,RASGEF1B,1.5310874405172699,0.6261936030590366,5.792577746850959e-4,0.021191579195091112,protein_coding
ENSG00000138678,AGPAT9,1.925599332964633,0.3217829077549398,1.344459719608092e-10,3.3063750141473075e-8,protein_coding
ENSG00000139112,GABARAPL1,2.0733035096854393,0.3147889416410085,2.1280996295532762e-12,6.728848352492264e-10,protein_coding
ENSG00000139218,SCAF11,0.6218292885909688,0.2001186909368471,2.7655139379971337e-4,0.012041319703803913,protein_coding
ENSG00000139304,PTPRQ,-1.1989207129882584,0.4980638217695199,7.85423475391112e-4,0.026273107690664908,protein_coding
ENSG00000139637,C12orf10,-1.1023758475721832,0.4840871944067803,0.0011965237033914687,0.03586870153733342,protein_coding
ENSG00000139998,RAB15,1.9175601018909505,0.7737816366363051,4.4739213801730615e-4,0.017423365374984828,protein_coding
ENSG00000140105,WARS,1.161402698015828,0.3239499872804869,2.0627967975758658e-5,0.0013298029840683252,protein_coding
ENSG00000140403,DNAJA4,1.8200197817261603,0.3538115616307804,1.4497165251031292e-8,2.139137272596617e-6,protein_coding
ENSG00000140450,ARRDC4,2.896033013575494,0.5551588312986022,7.211621552641527e-9,1.1431087407178425e-6,protein_coding
ENSG00000140526,ABHD2,1.8396860637490546,0.2782862907315402,2.20192733476854e-12,6.800370931564234e-10,protein_coding
ENSG00000140564,FURIN,1.2416028529103,0.4562072347961228,3.108952372735259e-4,0.013144282122321205,protein_coding
ENSG00000140678,ITGAX,3.7990188869741126,0.7306970978427796,8.837784902082557e-9,1.380773923525369e-6,protein_coding
ENSG00000140961,OSGIN1,2.6915443492853086,0.49567703439952354,2.2268363638319908e-9,4.0510119057107996e-7,protein_coding
ENSG00000141504,SAT2,-0.8886422006146731,0.3268654436004301,4.948055666286148e-4,0.018828131589765054,protein_coding
ENSG00000141664,ZCCHC2,0.8294700394661614,0.3059574923940076,5.352053645966274e-4,0.019853428049841373,protein_coding
ENSG00000142089,IFITM3,0.6581957348683891,0.27093973400102483,0.0017166627761224223,0.04643030889390177,protein_coding
ENSG00000142178,SIK1,7.799291578249455,1.4720883916095093,1.997785519912846e-12,6.632647926110649e-10,protein_coding
ENSG00000142871,CYR61,3.6002413017389236,0.8955960196556176,1.9726006326812658e-6,1.6900733162585296e-4,protein_coding
ENSG00000142973,CYP4B1,-1.6545438078402486,0.7869432403931967,0.0011727825108027333,0.035316443862721765,protein_coding
ENSG00000143333,RGS16,4.552864985803614,1.1232430716673212,1.4881741678851602e-6,1.3175301966343285e-4,protein_coding
ENSG00000143344,RGL1,-1.7868356340221194,0.8126549269067724,9.60461698948604e-4,0.030441363632547642,protein_coding
ENSG00000143384,MCL1,1.079593654936838,0.33170435222267486,7.395679066803522e-5,0.004025189262588146,protein_coding
ENSG00000143514,TP53BP2,1.3180119094521645,0.6521689772031357,0.0016109385054396811,0.0444766389859438,protein_coding
ENSG00000143816,WNT9A,1.8063205761278653,0.7932900687096424,7.547749151353389e-4,0.025469080656812908,protein_coding
ENSG00000143889,HNRNPLL,-1.2271677577442848,0.5759858848361118,0.001444416899247305,0.04112640393983108,protein_coding
ENSG00000144061,NPHP1,-1.1665096437514735,0.3394737546053706,3.522490844132678e-5,0.002165679556022313,protein_coding
ENSG00000144136,SLC20A1,1.6068579962205627,0.44040319127378635,1.2683774994481938e-5,8.852785323309772e-4,protein_coding
ENSG00000144591,GMPPA,-1.7551195176622085,0.6402442407180929,2.7549377208368775e-4,0.012034727938392675,protein_coding
ENSG00000144655,CSRNP1,5.046593215612244,0.5428782222553746,3.9268607409461363e-22,1.738290354658823e-18,protein_coding
ENSG00000145623,OSMR,1.7391965030229897,0.7073594258009263,5.058550335610058e-4,0.01909273791969796,protein_coding
ENSG00000146112,PPP1R18,2.319464821856542,0.4354022983479557,4.543221312748667e-9,7.847495730127012e-7,protein_coding
ENSG00000146376,ARHGAP18,-0.8813369295192274,0.31516910240790436,3.9154701814610263e-4,0.015804694227903475,protein_coding
ENSG00000146426,TIAM2,1.8415481282750747,0.5356254533550695,2.6228335465114855e-5,0.0016586299760796442,protein_coding
ENSG00000146592,CREB5,1.2828306093440554,0.4421299696463033,1.7648049266097155e-4,0.008340430400490043,protein_coding
ENSG00000147130,ZMYM3,-0.9835152766398105,0.42901054051296617,0.0012523392102705034,0.03720596132526238,protein_coding
ENSG00000147573,TRIM55,1.2668911204291606,0.27231303100946275,2.150129277656373e-7,2.5268775935643042e-5,protein_coding
ENSG00000148154,UGCG,3.6745377279944544,0.7518747470710632,3.719629073287075e-8,5.1996499045528795e-6,protein_coding
ENSG00000148175,STOM,1.1091913231111443,0.22993332064843205,9.948339226685699e-8,1.2703263935614047e-5,protein_coding
ENSG00000148180,GSN,-0.8895264915201638,0.30128066313341645,2.417056552893609e-4,0.01076597949522424,protein_coding
ENSG00000148677,ANKRD1,5.645182877649607,0.6482550197766549,1.3520574682572242e-19,3.5910646356911876e-16,protein_coding
ENSG00000148700,ADD3,-1.575155841554201,0.5208390974900657,1.1137592239299133e-4,0.005688739420688173,protein_coding
ENSG00000148840,PPRC1,2.3373290300776906,0.34106309457279277,4.210527131513911e-13,1.6445823619560217e-10,protein_coding
ENSG00000148841,ITPRIP,2.470981578284971,0.8557709944609462,1.4107705867195115e-4,0.007016866438814649,protein_coding
ENSG00000149798,CDC42EP2,1.3104020337906637,0.6160408140409382,0.0013054312488427707,0.03826959599256511,protein_coding
ENSG00000150347,ARID5B,1.0374573410557493,0.44312222899758985,0.001061492109273128,0.03240601197964859,protein_coding
ENSG00000151014,CCRN4L,1.6913214354912036,0.7618916199553925,9.2828553985754e-4,0.029892474451361603,protein_coding
ENSG00000151151,IPMK,2.310511255087689,1.1196147968923502,9.987838911747124e-4,0.031135798297653006,protein_coding
ENSG00000151208,DLG5,1.4238120248368744,0.4441166549253678,6.438961098262059e-5,0.00365424800790257,protein_coding
ENSG00000151247,EIF4E,1.1202343902918965,0.24062454989288595,2.399850467653628e-7,2.7239328384991608e-5,protein_coding
ENSG00000151651,ADAM8,3.7387271473017045,1.5134369780680037,3.808902238848935e-4,0.01542140906460788,protein_coding
ENSG00000151789,ZNF385D,1.6302619940373204,0.8452935473161287,0.0015411442236227856,0.04290648907696141,protein_coding
ENSG00000151929,BAG3,1.169979076619573,0.31199460916355154,1.116211855476329e-5,7.926894888088583e-4,protein_coding
ENSG00000152137,HSPB8,1.4271365311031823,0.2740580013614834,1.1693566143809137e-8,1.7646654362475606e-6,protein_coding
ENSG00000152413,HOMER1,0.8010868673623088,0.2643993868966475,2.1283434367325992e-4,0.009657818754332538,protein_coding
ENSG00000153113,CAST,0.7285116045630657,0.18846345675082393,1.3307846315200584e-5,9.156901506003304e-4,protein_coding
ENSG00000153187,HNRNPU,0.699648981775917,0.20085208015993528,5.845044700714289e-5,0.0033748779837167718,protein_coding
ENSG00000153234,NR4A2,2.6857652292278544,1.0409040792465853,3.7071373745809004e-4,0.015194686522973566,protein_coding
ENSG00000153922,CHD1,1.2099499835901288,0.41283132479165835,1.7823644705844324e-4,0.008393546159347965,protein_coding
ENSG00000154153,FAM134B,0.9782001439146242,0.25110190688610645,7.623899337893195e-6,5.50246647865335e-4,protein_coding
ENSG00000154262,ABCA6,-1.0989577941790962,0.4572403583858629,8.677719280825978e-4,0.028564560823213802,protein_coding
ENSG00000154380,ENAH,2.8199609599946793,0.6649235207430388,8.992657667574405e-7,8.846110653732451e-5,protein_coding
ENSG00000154734,ADAMTS1,2.7349226887377553,0.4237168347084814,4.7622396105426474e-12,1.3748378701740514e-9,protein_coding
ENSG00000155090,KLF10,2.9823585450484655,0.30443040265725946,6.142389893804478e-24,8.157093778972348e-20,protein_coding
ENSG00000156273,BACH1,1.216663616734307,0.3326777721188269,1.5060371448045914e-5,0.0010309367671652047,protein_coding
ENSG00000157106,SMG1,0.6109239721514125,0.19836833422295064,3.0739014720585097e-4,0.013125855803516722,protein_coding
ENSG00000157119,KLHL40,3.12433672074902,0.5914664212762283,5.522538368104298e-9,9.054235744250009e-7,protein_coding
ENSG00000157557,ETS2,2.1609070897200144,0.40725259115050877,4.550129301353765e-9,7.847495730127012e-7,protein_coding
ENSG00000158022,TRIM63,1.5088871506988424,0.4129675865823994,1.3087742201740354e-5,9.052355022870413e-4,protein_coding
ENSG00000158470,B4GALT5,1.3641450630367578,0.3781007452576132,1.6215601880837565e-5,0.001093112654708238,protein_coding
ENSG00000158859,ADAMTS4,5.84955382675767,1.031118468289456,2.978822363153998e-10,6.82047603149743e-8,protein_coding
ENSG00000159216,RUNX1,3.067794565660463,0.6778845930894966,2.421349515328436e-7,2.725044200301833e-5,protein_coding
ENSG00000159388,BTG2,3.8111500042171396,0.6603618822437514,3.159940381658692e-10,7.112543774309734e-8,protein_coding
ENSG00000159433,STARD9,-0.9729825570263513,0.43875711287719216,0.00147247327504064,0.041693912777270144,protein_coding
ENSG00000159840,ZYX,1.2132269002488503,0.31372571364141694,6.57723589046305e-6,4.852538479186072e-4,protein_coding
ENSG00000160271,RALGDS,1.2411473150169472,0.3985254006252996,1.0288900492549795e-4,0.00531659916502184,protein_coding
ENSG00000160299,PCNT,0.9579164830299765,0.2299357005093064,2.5676993055316656e-6,2.1179532159913366e-4,protein_coding
ENSG00000160584,SIK3,1.1764827938919566,0.3028452128310504,6.266515190128749e-6,4.649124118710045e-4,protein_coding
ENSG00000160712,IL6R,1.9389254803173395,0.3847297718694974,2.2463616903033348e-8,3.207707876046052e-6,protein_coding
ENSG00000161011,SQSTM1,0.7783792933425856,0.22885604570789567,6.781305101360414e-5,0.0037998199048973123,protein_coding
ENSG00000161638,ITGA5,1.3747501750696716,0.41647352072004384,4.5585918870885615e-5,0.002739280554775389,protein_coding
ENSG00000162267,ITIH3,1.9198362737375936,1.0187050592742934,0.0015956639733618971,0.04414670326301249,protein_coding
ENSG00000162413,KLHL21,1.219599274903425,0.3379350270301312,1.8573213419519175e-5,0.0012150358335527816,protein_coding
ENSG00000162614,NEXN,0.6287087702069427,0.1770373536289951,5.603817590480029e-5,0.0032497247860949685,protein_coding
ENSG00000162616,DNAJB4,1.3299627743145144,0.30788586521039385,9.282430282462585e-7,8.997859427087819e-5,protein_coding
ENSG00000162747,FCGR3B,3.274668126287179,1.336781010848268,3.7189509743866544e-4,0.015196205827647621,protein_coding
ENSG00000162772,ATF3,5.9813041979003865,0.7891386361489071,9.811048100377456e-16,9.306479912358045e-13,protein_coding
ENSG00000162783,IER5,3.2294533419369413,0.79804202472024,1.7938234597870462e-6,1.5672352332876297e-4,protein_coding
ENSG00000162804,SNED1,1.118269468952816,0.4211948458754969,4.141978163310002e-4,0.016518159161788837,protein_coding
ENSG00000163159,VPS72,-0.6592149506068956,0.22734439593164826,4.846274806805516e-4,0.01849383029723484,protein_coding
ENSG00000163162,RNF149,2.1866535548963233,0.48910788558077617,3.8559406272536266e-7,4.231974506605633e-5,protein_coding
ENSG00000163220,S100A9,2.844854679706986,1.3810885806741273,0.0010436997227795332,0.03201000535453164,protein_coding
ENSG00000163565,IFI16,1.6166174539290086,0.5792237927801149,2.130828987213429e-4,0.009657818754332538,protein_coding
ENSG00000163638,ADAMTS9,2.760439984483103,0.4168171583058537,1.5776206689585407e-12,5.513369074676163e-10,protein_coding
ENSG00000163660,CCNL1,1.4399155601002147,0.30500812258807575,1.407177559203653e-7,1.714432842772891e-5,protein_coding
ENSG00000163739,CXCL1,5.051263045460127,1.142108537202881,2.711439740823128e-7,3.0258756099269865e-5,protein_coding
ENSG00000163811,WDR43,1.046597463667163,0.2688619700658143,7.278969293690958e-6,5.340591835371046e-4,protein_coding
ENSG00000163874,ZC3H12A,2.7278470664965337,0.9519797662044536,1.4297231324992882e-4,0.0070845982088024425,protein_coding
ENSG00000163995,ABLIM2,0.650253289199156,0.24462778557420434,9.839427825597076e-4,0.03089068593946316,protein_coding
ENSG00000164023,SGMS2,1.7846966892536993,0.8165127502099454,8.920659798288496e-4,0.028964880714247243,protein_coding
ENSG00000164116,GUCY1A3,-1.7010744069721377,0.516736582623803,4.649331040785514e-5,0.002768749606351194,protein_coding
ENSG00000164122,ASB5,2.069641047916608,0.2832123508593308,1.535428102819198e-14,9.268402366108613e-12,protein_coding
ENSG00000164134,NAA15,0.6570360436795949,0.24194529421802455,8.059201897027016e-4,0.026771275485274547,protein_coding
ENSG00000164190,NIPBL,0.8400648045612222,0.1829045272679867,4.593899070261589e-7,4.8707679214038115e-5,protein_coding
ENSG00000164327,RICTOR,0.7618727143692148,0.21895179924263555,5.2943410209201884e-5,0.0030973061126792997,protein_coding
ENSG00000164733,CTSB,0.749262911855762,0.2627871301965542,4.3709471397823793e-4,0.017072405298914708,protein_coding
ENSG00000164867,NOS3,1.7860822059952874,0.7340960016783175,4.7394568441152293e-4,0.01819074765602608,protein_coding
ENSG00000164949,GEM,3.286787069607217,0.8005501356766277,1.3721751289043112e-6,1.2442664521646044e-4,protein_coding
ENSG00000164978,NUDT2,-2.111715902076618,1.043899399004867,0.0014387697044738385,0.04109736969612312,protein_coding
ENSG00000165030,NFIL3,2.4533901951652872,0.9962733389194688,4.111295874770384e-4,0.016445183499081535,protein_coding
ENSG00000165312,OTUD1,4.632268181328766,0.7040992512814972,1.9789194306381736e-12,6.632647926110649e-10,protein_coding
ENSG00000165507,C10orf10,1.1691691087455753,0.38421223982559694,1.3542096469612656e-4,0.006786378910054946,protein_coding
ENSG00000165732,DDX21,1.384244939634583,0.2835910783257019,6.827046640307929e-8,9.157896907402959e-6,protein_coding
ENSG00000165997,ARL5B,2.5565340672350163,0.5740234535696412,4.215527454438959e-7,4.588705294667981e-5,protein_coding
ENSG00000166147,FBN1,-0.9964583898120721,0.4233473934449824,0.0010410411319741097,0.03201000535453164,protein_coding
ENSG00000166197,NOLC1,1.3356029509065765,0.32903441785576437,2.8994144692263513e-6,2.3478185458125574e-4,protein_coding
ENSG00000166436,TRIM66,-1.583485994683069,0.5548643440724107,1.8888431315822863e-4,0.008770572303291176,protein_coding
ENSG00000166592,RRAD,4.210224115563189,0.521227027189713,3.171030416136412e-17,4.211128392629155e-14,protein_coding
ENSG00000166741,NNMT,3.36717466130451,0.6822957504205287,2.934046301841682e-8,4.145120732814632e-6,protein_coding
ENSG00000167074,TEF,-0.9903346247277254,0.39108428625180197,7.050704918954237e-4,0.02470537238092672,protein_coding
ENSG00000167106,FAM102A,2.3795120995041295,0.7778016189383923,8.456727820005177e-5,0.004583891651006888,protein_coding
ENSG00000167173,C15orf39,1.4495256874021294,0.5274304299275926,2.5240579902008554e-4,0.011173163369955786,protein_coding
ENSG00000167470,MIDN,3.6763777760741845,0.5115676482419302,2.7007229119838337e-14,1.4944000112977214e-11,protein_coding
ENSG00000167680,SEMA6B,2.1416730876671584,1.1572970171026122,0.0012824706680543486,0.03776321612364024,protein_coding
ENSG00000167772,ANGPTL4,4.275919536130277,1.0659456631275368,2.191452934429561e-6,1.8536620999506099e-4,protein_coding
ENSG00000168010,ATG16L2,1.5997670731617593,0.5145896963708367,8.830125260664199e-5,0.004709400139020907,protein_coding
ENSG00000168264,IRF2BP2,0.8464597644363615,0.29631924495923334,3.375083108962035e-4,0.014050502723202454,protein_coding
ENSG00000168298,HIST1H1E,-0.8191276061840713,0.24249204137836053,6.939668601130664e-5,0.003856016695523649,protein_coding
ENSG00000168334,XIRP1,4.623422763034719,0.610336262238775,1.5919583494809094e-15,1.2436004047709693e-12,protein_coding
ENSG00000168386,FILIP1L,-0.684082788452072,0.17825116345387915,1.5861018866504512e-5,0.0010801760540881022,protein_coding
ENSG00000168477,TNXB,-0.8850263352984926,0.3598551995906778,9.574482048665199e-4,0.030441363632547642,protein_coding
ENSG00000168621,GDNF,2.375263414943777,1.074714376974557,7.163618614369467e-4,0.02483886558716097,protein_coding
ENSG00000168734,PKIG,1.3328538491730544,0.4508225518139861,1.5325795093158948e-4,0.007374150682505465,protein_coding
ENSG00000168785,TSPAN5,2.2849062784699474,1.1664716671067896,0.0012288841487767773,0.03667321684439461,protein_coding
ENSG00000168906,MAT2A,1.4204055192288805,0.3457288169782573,2.2674585860188014e-6,1.9058132925525113e-4,protein_coding
ENSG00000169122,FAM110B,1.0167919221217818,0.4772827404861737,0.0016671640582325018,0.04546188643393763,protein_coding
ENSG00000169155,ZBTB43,1.0970600951667444,0.21868064149637223,3.979895524260052e-8,5.44876418166737e-6,protein_coding
ENSG00000169429,IL8,10.871390188566245,2.909220902991823,2.0910607871043807e-17,3.085476361416242e-14,protein_coding
ENSG00000169756,LIMS1,1.260504675459159,0.27213150289389276,2.2867165940634987e-7,2.6368929097741595e-5,protein_coding
ENSG00000169908,TM4SF1,0.9902747029018907,0.46713880557186216,0.0018000663024261556,0.048417536685672356,protein_coding
ENSG00000170162,VGLL2,1.201929310803078,0.2795241954251882,1.0630794495665938e-6,9.999430062949193e-5,protein_coding
ENSG00000170270,C14orf142,2.4735275394479483,1.0295707177454192,4.6774969047217e-4,0.018004973592667877,protein_coding
ENSG00000170345,FOS,6.752561707270956,0.9865734872359837,1.9973939809825113e-13,8.841797355815917e-11,protein_coding
ENSG00000170677,SOCS6,0.8858450148840918,0.2549467752613,4.360532824563999e-5,0.0026441952470415485,protein_coding
ENSG00000170807,LMOD2,0.807387989987168,0.2394139061982331,7.157619316040825e-5,0.003927817542025709,protein_coding
ENSG00000171016,PYGO1,1.0477401794204548,0.32599285641114645,8.668935525659111e-5,0.004679815600843617,protein_coding
ENSG00000171049,FPR2,4.44664144887227,2.402771551895736,0.0014788980177950326,0.041786735481527726,protein_coding
ENSG00000171056,SOX7,2.7388367128709312,1.0615205170551003,2.910079753507328e-4,0.012519567659548248,protein_coding
ENSG00000171223,JUNB,5.797853906468422,0.9970592996104523,2.0174850818867614e-10,4.871309434082944e-8,protein_coding
ENSG00000171621,SPSB1,2.9416362720411,0.8427388557719138,1.842824594157379e-5,0.0012115203272480197,protein_coding
ENSG00000171988,JMJD1C,1.7530040267010876,0.25327266271448035,2.3982406814970256e-13,9.952698828212657e-11,protein_coding
ENSG00000172071,EIF2AK3,1.8638264294217484,0.6139032498122856,8.778337088021904e-5,0.004700657924553665,protein_coding
ENSG00000172159,FRMD3,1.095382124894253,0.27498788863095325,4.503575582491452e-6,3.4262146269720497e-4,protein_coding
ENSG00000173334,TRIB1,1.308815744325003,0.3790551866929456,3.082760640802046e-5,0.0019130402481238864,protein_coding
ENSG00000173535,TNFRSF10C,2.920017293839765,1.3142100335678628,6.63398910230852e-4,0.02349316674097524,protein_coding
ENSG00000173559,NABP1,3.6762648828743845,0.48360720618572167,1.370695369122581e-15,1.1376771563717422e-12,protein_coding
ENSG00000173598,NUDT4,0.8883849038001064,0.3543728277971238,8.494380239604955e-4,0.028061037209441243,protein_coding
ENSG00000174080,CTSF,-2.219851378619501,0.7201868905059823,8.89389661195242e-5,0.0047244378802691256,protein_coding
ENSG00000174429,ABRA,2.632669733884818,0.4872918606718586,3.1340820986267675e-9,5.54941470263513e-7,protein_coding
ENSG00000174738,NR1D2,-0.7158247824295869,0.2937341295252829,0.0014471073404137258,0.04112640393983108,protein_coding
ENSG00000175471,MCTP1,1.5051729204998106,0.5740653108072074,3.6511672168953134e-4,0.015058230012537194,protein_coding
ENSG00000175556,LONRF3,3.2128259828150494,0.6872329171597986,1.6640951840719681e-7,2.0090167313159762e-5,protein_coding
ENSG00000175592,FOSL1,4.34904119862062,1.6578209517022737,2.37814544380789e-4,0.010669517396543506,protein_coding
ENSG00000175920,DOK7,1.7781608057052574,0.8329680292714814,0.0010592465714509224,0.03240601197964859,protein_coding
ENSG00000176597,B3GNT5,1.7117712918752133,0.3354543824158287,1.8423623905865572e-8,2.6594100594553785e-6,protein_coding
ENSG00000176909,MAMSTR,-0.8113727182281192,0.288748409134387,4.304109268899093e-4,0.016881235057768933,protein_coding
ENSG00000177058,SLC38A9,-2.684106829822287,0.7502476590599821,1.882406178162148e-5,0.0012254095120584963,protein_coding
ENSG00000177426,TGIF1,1.8712600486896533,0.7544204784451451,4.309291178150352e-4,0.016881235057768933,protein_coding
ENSG00000178726,THBD,4.761620497515146,0.7074131833901064,7.409918971495822e-13,2.6595601065260677e-10,protein_coding
ENSG00000178878,APOLD1,3.311560960178103,0.5831121673394001,6.080743861140781e-10,1.3024561044507995e-7,protein_coding
ENSG00000179094,PER1,-1.2982578593077954,0.2968060565929423,7.461144174923862e-7,7.56366371320526e-5,protein_coding
ENSG00000179388,EGR3,4.704607197987109,0.8319701693381855,2.7710028943824904e-10,6.455950603052539e-8,protein_coding
ENSG00000180353,HCLS1,1.8808613782021173,0.7453168396169134,4.044780317231528e-4,0.016228000789376043,protein_coding
ENSG00000180747,CTD-2547E10.2,1.1963033396411564,0.5185514076368103,9.674168368985903e-4,0.03058879903336495,pseudogene
ENSG00000180871,CXCR2,2.872162757718582,1.3434269959845389,9.031227460443589e-4,0.02918119237827028,protein_coding
ENSG00000181754,AMIGO1,-2.1082239390261055,0.6899807382254962,1.0235304521905792e-4,0.00530956422073863,protein_coding
ENSG00000182022,CHST15,1.740320016181312,0.5668945126175496,9.019612833022103e-5,0.004772129817630818,protein_coding
ENSG00000182481,KPNA2,1.4392353735518442,0.6398229761516286,9.302529833804779e-4,0.029892474451361603,protein_coding
ENSG00000182541,LIMK2,1.3033279764080568,0.5057093679060544,4.568155433335119e-4,0.017686619287081744,protein_coding
ENSG00000182676,PPP1R27,2.2904670561219636,0.3825125441962786,1.0558232136068712e-10,2.645534391830047e-8,protein_coding
ENSG00000182718,ANXA2,0.8771189402643551,0.2729782839511903,1.076960707881467e-4,0.005522022471299568,protein_coding
ENSG00000182885,GPR97,7.333377721058978,2.845888438682454,2.5789659711474217e-5,0.0016386922534372135,protein_coding
ENSG00000183864,TOB2,-0.8502818500225088,0.3488757480106135,0.0011200177143418305,0.03403623626192108,protein_coding
ENSG00000184371,CSF1,2.1014768571872526,0.49695559469744377,9.98222459311511e-7,9.536974287522926e-5,protein_coding
ENSG00000184557,SOCS3,7.640970672623371,1.2634256040478364,6.610264552980496e-11,1.6881598704534804e-8,protein_coding
ENSG00000184588,PDE4B,2.129111939069779,0.48018599620633917,4.437310493630623e-7,4.7908523053182664e-5,protein_coding
ENSG00000184602,SNN,1.0452394650309302,0.494793203306352,0.001712480614706491,0.04641171951694327,protein_coding
ENSG00000185022,MAFF,6.140227077773035,0.8725675318250966,4.3120460149588926e-14,2.1208878177279293e-11,protein_coding
ENSG00000185158,LRRC37B,-2.2759546595235203,1.1867521722800962,0.0016936199938433008,0.04604118770009543,protein_coding
ENSG00000185201,IFITM2,1.1318787965603208,0.4016311086314918,2.7116127826130973e-4,0.011884560314555094,protein_coding
ENSG00000185215,TNFAIP2,1.0422264553679563,0.32715127672350247,9.276511160650167e-5,0.004871089046697834,protein_coding
ENSG00000185219,ZNF445,-0.81789391860662,0.3473807012804907,0.001417922736120364,0.040846017214053,protein_coding
ENSG00000185507,IRF7,2.268540509353318,1.1633946794547263,0.0014177368333764032,0.040846017214053,protein_coding
ENSG00000185532,PRKG1,1.1533106536135245,0.23554011630011581,7.102315278865607e-8,9.431874690333527e-6,protein_coding
ENSG00000185650,ZFP36L1,1.3659035683704563,0.21593144807662756,1.6465651547573357e-11,4.462527603097432e-9,protein_coding
ENSG00000185864,NPIPB4,1.5702109788681209,0.5370657400340677,1.5127022724025667e-4,0.007358493105313584,protein_coding
ENSG00000185950,IRS2,3.3268547067123198,0.4955328415791949,7.276264602098347e-13,2.6595601065260677e-10,protein_coding
ENSG00000186407,CD300E,5.464268253078564,1.900559593405183,6.004707401234467e-5,0.0034520568956014595,protein_coding
ENSG00000186480,INSIG1,2.5867986757152877,0.7789575423426511,3.3523525445808694e-5,0.0020706624089318116,protein_coding
ENSG00000186566,GPATCH8,-0.6884272046244179,0.1942487025007784,4.7891895985695366e-5,0.0028393052620090823,protein_coding
ENSG00000188313,PLSCR1,1.2622045563455841,0.5214993434568285,7.081888088015273e-4,0.024749335212853375,protein_coding
ENSG00000188897,CTD-3088G3.8,3.0747269187794277,1.1808457360769513,2.829173206256308e-4,0.012238247615336732,protein_coding
ENSG00000189067,LITAF,1.6593714762483165,0.388757177308984,1.040339524890796e-6,9.868363493249837e-5,protein_coding
ENSG00000196352,CD55,0.923560652868997,0.36039633692654605,7.161851922445677e-4,0.02483886558716097,protein_coding
ENSG00000196396,PTPN1,1.3285004617751721,0.35826035868988276,1.2357890759496078e-5,8.683216364344335e-4,protein_coding
ENSG00000196428,TSC22D2,1.2592894915710537,0.46217846264984863,3.1055603030474995e-4,0.013144282122321205,protein_coding
ENSG00000196628,TCF4,-0.6448307858591108,0.23379169362764196,0.00068610183124380995,0.024104318304015333,protein_coding
ENSG00000196739,COL27A1,1.1788198639007113,0.5556809453248205,0.0014493341147470591,0.04112640393983108,protein_coding
ENSG00000196843,ARID5A,2.3710498422769817,0.7009059544410872,2.7174674033019297e-5,0.0017022625998042277,protein_coding
ENSG00000196850,PPTC7,0.8861589441362627,0.30902941026386654,3.2255436447260446e-4,0.013470194843384237,protein_coding
ENSG00000196935,SRGAP1,2.1207679916777864,0.6768298427871388,6.982834176373036e-5,0.0038638349109264137,protein_coding
ENSG00000196954,CASP4,2.0922859679640218,0.692246015371,9.280011512157771e-5,0.004871089046697834,protein_coding
ENSG00000197147,LRRC8B,1.5008199756099432,0.6440239981917478,7.247527789544328e-4,0.024948157603686832,protein_coding
ENSG00000197208,SLC22A4,1.7669249920925605,0.9380324311807448,0.001814911062829777,0.04856206644819919,protein_coding
ENSG00000197249,SERPINA1,3.1316295663162674,1.7323887494960195,0.0012983887254512533,0.03814735016370054,protein_coding
ENSG00000197714,ZNF460,1.401370358432208,0.4021090457482799,2.6657043503918278e-5,0.0016777513636589323,protein_coding
ENSG00000197971,MBP,0.8488674555355965,0.2263596584789574,1.6478361199809964e-5,0.0011052153370377594,protein_coding
ENSG00000198198,SZT2,-0.6405037536123677,0.2324506683589265,7.556338688843589e-4,0.025469080656812908,protein_coding
ENSG00000198355,PIM3,2.7284916799445043,0.8011037184549298,1.9985867823524806e-5,0.0012946942668117533,protein_coding
ENSG00000198604,BAZ1A,1.3433270643449293,0.5972760287513574,9.537563489064541e-4,0.030441363632547642,protein_coding
ENSG00000198805,PNP,4.297574911362347,1.5899810494512365,1.3753009469206833e-4,0.006866164125979953,protein_coding
ENSG00000198833,UBE2J1,0.8796643142255017,0.3924231726790997,0.0016505833497440948,0.04519535440124037,protein_coding
ENSG00000198959,TGM2,1.0348377403526572,0.43272000014140377,9.318888872638331e-4,0.029892474451361603,protein_coding
ENSG00000202515,VTRNA1-3,3.5637282040379725,0.9193475063355909,5.716664280853801e-6,4.2891130875558455e-4,misc_RNA
ENSG00000203685,C1orf95,-2.9382801716545797,1.2007596410647787,5.088715015075169e-4,0.01909273791969796,protein_coding
ENSG00000204388,HSPA1B,3.2678519540890787,1.1976213628579517,1.609295213164007e-4,0.007691446158129229,protein_coding
ENSG00000204389,HSPA1A,2.2956665442631903,0.6526198881646592,1.6799074137729657e-5,0.0011210638419550242,protein_coding
ENSG00000205268,PDE7A,0.653275362249947,0.2331169255688597,6.190772670968691e-4,0.02221985434336871,protein_coding
ENSG00000206561,COLQ,1.4514869445658287,0.5812895704780836,5.068972444147488e-4,0.01909273791969796,protein_coding
ENSG00000214021,TTLL3,-1.3826901289818323,0.5151299178383807,3.5957011597326894e-4,0.014875673333722778,protein_coding
ENSG00000214970,CTC-297N7.7,-1.9877490296571783,0.7843861520184566,4.4988269584720085e-4,0.017469129242253884,antisense
ENSG00000221112,AP000908.1,-3.2199350778167215,1.2465421478861938,2.6166249032301593e-4,0.011506218117515402,miRNA
ENSG00000221869,CEBPD,3.36315793140887,1.5205858962252667,7.410231217129046e-4,0.025232787323967623,protein_coding
ENSG00000221968,FADS3,1.977935383521845,0.7775793132845491,3.680826470791343e-4,0.015133552796318585,protein_coding
ENSG00000222041,LINC00152,3.051130164012602,0.8534022534486833,1.6184784635200386e-5,0.001093112654708238,lincRNA
ENSG00000223745,RP4-717I23.3,-1.5078908726221087,0.7488709868217849,0.001520939022196607,0.0426119624784197,processed_transcript
ENSG00000224973,LARGE-AS1,2.608179025532163,0.7714195371665611,2.317829666041167e-5,0.0014837834118547923,processed_transcript
ENSG00000226380,MIR29A,3.614236986380314,0.5036939669810601,3.683636124400495e-14,1.956747509281543e-11,lincRNA
ENSG00000228013,RP11-350G8.5,3.759491051140593,1.1062650963352807,3.6423958745076575e-5,0.0022290791342609076,antisense
ENSG00000231628,RP3-355L5.4,-1.7398609077081737,0.753160718295199,7.553958516441861e-4,0.025469080656812908,antisense
ENSG00000231933,CTA-125H2.2,2.505650176780241,0.5881657818071936,9.145608783963921e-7,8.930417989047122e-5,antisense
ENSG00000235475,RP11-166O4.5,-0.7768243840943061,0.3340633568981742,0.0016205422221085887,0.0446489641278051,lincRNA
ENSG00000235750,KIAA0040,2.414253990710941,0.47168021220465517,1.3816955802527286e-8,2.0616761017703635e-6,protein_coding
ENSG00000237697,LINC00312,1.5578117116182404,0.5956411041862643,3.767136033410075e-4,0.015298950007243364,lincRNA
ENSG00000239815,RP11-309L24.4,7.6499074919083805,2.591597477337856,1.959927251482525e-7,2.3448499008727866e-5,lincRNA
ENSG00000242802,AP5Z1,-1.5556652808087734,0.7298187233333084,0.0011900428844295703,0.035755134627205185,protein_coding
ENSG00000242902,RP11-309L24.2,4.243173794981151,0.869605298240555,7.572629162409062e-8,9.956882700672508e-6,antisense
ENSG00000245293,RP11-286E11.1,5.609490820404712,1.3185124174810903,4.927486473944525e-7,5.152521289290023e-5,antisense
ENSG00000246422,CTD-2024I7.13,1.742157954268288,0.7742681727830548,7.83287792373925e-4,0.02626783303718617,antisense
ENSG00000247345,RP11-266N13.2,2.4341423004962426,0.9336196825769303,3.2156188128672604e-4,0.013470194843384237,antisense
ENSG00000248144,ADH1C,-1.8050861371461882,0.8162514077372223,9.596224111764605e-4,0.030441363632547642,polymorphic_pseudogene
ENSG00000248323,LUCAT1,5.235116157639585,1.0522258548919106,6.296318720934891e-8,8.532154348368914e-6,lincRNA
ENSG00000249453,RP13-497K6.1,3.580008279412312,1.7439271447011657,8.973377407434877e-4,0.029064988285545164,antisense
ENSG00000249669,MIR143HG,-1.0051308272580766,0.47380171953338707,0.0017490162569903374,0.047209219294373335,lincRNA
ENSG00000249859,PVT1,4.475403246528217,0.9926087960197603,4.4777439995044536e-7,4.795519380114447e-5,processed_transcript
ENSG00000250069,CTB-131B5.2,3.949748059632771,0.8252869758337525,2.3033100717906816e-7,2.6368929097741595e-5,sense_intronic
ENSG00000253227,RP11-383J24.1,5.492638898518296,0.9562810645073423,1.043871855644276e-9,2.0690474989486546e-7,lincRNA
ENSG00000255710,RP11-667M19.9,2.201939183921512,0.7013576950999668,6.358636648765051e-5,0.003624149986935617,pseudogene
ENSG00000257514,RP11-755O11.2,-1.901944159515848,0.9641342291531418,0.0018010740303254626,0.048417536685672356,antisense
ENSG00000259583,RP11-66B24.4,3.095911060420287,1.1769981007782728,2.3536939949945506e-4,0.010595612289331402,antisense
ENSG00000259758,CASC7,0.8823058539765182,0.29516095348306665,2.111576831584541e-4,0.009636336880908147,lincRNA
ENSG00000264112,RP11-159D12.2,-2.3888741098991453,0.7061546066643998,2.9866093454848066e-5,0.0018620738078891188,lincRNA
ENSG00000267519,MIR24-2,1.6880879781961695,0.4080817434531057,1.9646718502250894e-6,1.6900733162585296e-4,lincRNA
